{
  "width": 6,
  "height": 3,
  "entities": [
    {
      "x": 0,
      "y": 0,
      "type": "wall"
    },
    {
      "x": 1,
      "y": 0,
      "type": "wall"
    },
    {
      "x": 2,
      "y": 0,
      "type": "wall"
    },
    {
      "x": 3,
      "y": 0,
      "type": "wall"
    },
    {
      "x": 4,
      "y": 0,
      "type": "wall"
    },
    {
      "x": 5,
      "y": 0,
      "type": "wall"
    },
    {
      "x": 5,
      "y": 1,
      "type": "wall"
    },
    {
      "x": 0,
      "y": 2,
      "type": "wall"
    },
    {
      "x": 1,
      "y": 2,
      "type": "wall"
    },
    {
      "x": 2,
      "y": 2,
      "type": "wall"
    },
    {
      "x": 3,
      "y": 2,
      "type": "wall"
    },
    {
      "x": 4,
      "y": 2,
      "type": "wall"
    },
    {
      "x": 5,
      "y": 2,
      "type": "wall"
    },
    {
      "x": 0,
      "y": 1,
      "type": "wall"
    },
    {
      "x": 3,
      "y": 1,
      "type": "key",
      "id": 10
    },
    {
      "x": 1,
      "y": 1,
      "type": "player"
    },
    {
      "x": 4,
      "y": 1,
      "type": "door",
      "id": 10
    }
  ],
  "goal-condition": {
    "goal": "exit"
  }
}
