{
  "width": 7,
  "height": 7,
  "entities": [
    {
      "x": 3,
      "y": 0,
      "type": "wall"
    },
    {
      "x": 2,
      "y": 1,
      "type": "wall"
    },
    {
      "x": 2,
      "y": 2,
      "type": "wall"
    },
    {
      "x": 1,
      "y": 2,
      "type": "wall"
    },
    {
      "x": 0,
      "y": 3,
      "type": "wall"
    },
    {
      "x": 1,
      "y": 4,
      "type": "wall"
    },
    {
      "x": 2,
      "y": 4,
      "type": "wall"
    },
    {
      "x": 2,
      "y": 5,
      "type": "wall"
    },
    {
      "x": 3,
      "y": 6,
      "type": "wall"
    },
    {
      "x": 4,
      "y": 5,
      "type": "wall"
    },
    {
      "x": 4,
      "y": 4,
      "type": "wall"
    },
    {
      "x": 5,
      "y": 4,
      "type": "wall"
    },
    {
      "x": 6,
      "y": 3,
      "type": "wall"
    },
    {
      "x": 5,
      "y": 2,
      "type": "wall"
    },
    {
      "x": 4,
      "y": 2,
      "type": "wall"
    },
    {
      "x": 4,
      "y": 1,
      "type": "wall"
    },
    {
      "x": 3,
      "y": 3,
      "type": "player"
    },
    {
      "x": 3,
      "y": 1,
      "type": "key",
      "id": 7
    },
    {
      "x": 1,
      "y": 3,
      "type": "key",
      "id": 8
    },
    {
      "x": 3,
      "y": 5,
      "type": "door",
      "id": 7
    },
    {
      "x": 5,
      "y": 3,
      "type": "door",
      "id": 8
    },
  ],
  "goal-condition": {
    "goal": "exit"
  }
}
